Workbook

Sheet DASHBOARD
F2: DASHBOARD
S3: 기준일자 | T3: 46081
B5: □ 영업현황(누적 기준) | J5: (단위: 억원, %) | L5: □ 규제비율 | T5: (단위: 억원, %)
B6: 구분 | E6: 수신 | G6: 운용 | L6: 구분 | O6: 기업금융 관련자산 | P6: 부동산 관련자산 | Q6: 모험자본 | S6: 유동성비율
E7: 말잔 | F7: 평잔 | G7: 운용수익 | H7: 조달비용 | I7: 기타비용 | J7: 영업수지 | Q7: 발행어음 | R7: 전사(분기) | S7: 1개월 | T7: 3개월
B8: 수익률 | E8: =P14 -> 9033.3403 | G8: =H14 -> 0.033777706 | H8: =S14 -> 0.03049842 | I8: 0.002 | J8: =G8-H8-I8 -> 0.0012792856 | L8: 비율 | O8: =F18/$F$14 -> 0.36426529 | P8: =F23/$F$14 -> 0.049739863 | Q8: 0 | R8: 0.8209 | S8: 6.0407 | T8: 5.5094
L9: 충족여부 | O9: =IF(O8>=30%, "충족", "미달") -> 충족 | P9: =IF(P8<=10%, "충족", "미달") -> 충족 | Q9: =IF(R8>=25%, "충족", "미달") -> 충족 | S9: =IF(S8>=100%, "충족", "미달") -> 충족 | T9: =IF(T8>=100%, "충족", "미달") -> 충족
B11: □ 운용 현황 | L11: □ 수신 현황 | S11: (단위: 억원, %)
B12: 구분 | F12: 운용자산(BS금액 기준) | H12: 수익률(연) (평가제외) | I12: Duration | J12: 위험액 | L12: 구분 | P12: 수신잔액 | S12: 조달금리
F13: 말잔 | G13: 평잔 | Q13: 개인 | R13: 법인
B14: 운용자산 총계 | F14: =F15+F18+F23+F26 -> 9043.4246 | H14: =(H15*$F$15+H18*$F$18+H23*$F$23+H26*$F$26)/$F$14 -> 0.033777706 | I14: =(I15*$F$15+I18*$F$18+I23*$F$23+I26*$F$26)/$F$14 -> 2.6449176 | L14: 수신 총계 | P14: =P15+P16 -> 9033.3403 | Q14: =Q15+Q16 -> 3329.3654 | R14: =R15+R16 -> 5703.9749 | S14: =(S15*P15+S16*P16+S23*P23)/P14 -> 0.03049842
C15: 유동성자산 | F15: =SUM(F16:F17) -> 2653.9088 | H15: =SUMPRODUCT($F$16:$F$17,H16:H17)/$F$15 -> 0.025 | I15: =SUMPRODUCT($F$16:$F$17,I16:I17)/$F$15 -> 0.002739726 | M15: 수시형 | P15: =SUMIFS('1. 수신잔고'!$H:$H,'1. 수신잔고'!$B:$B,"수시형(1일~365일)")/10^8 -> 1971.3023 | Q15: =SUMIFS('1. 수신잔고'!$H:$H,'1. 수신잔고'!$A:$A,"개인수시형(1일~365일)")/10^8 -> 1922.7274 | R15: =SUMIFS('1. 수신잔고'!$H:$H,'1. 수신잔고'!$A:$A,"법인수시형(1일~365일)")/10^8 -> 48.5749 | S15: {=SUMPRODUCT(('1. 수신잔고'!$B$6:$B$99="수시형(1일~365일)")*'1. 수신잔고'!$H$6:$H$99*'1. 수신잔고'!$K$6:$K$99)/SUMPRODUCT(('1. 수신잔고'!$B$6:$B$99="수시형(1일~365일)")*'1. 수신잔고'!$H$6:$H$99)/100} -> 0.024424005
D16: 현금성자산 | F16: =SUMIFS('2. 운용자산'!$AE:$AE,'2. 운용자산'!$A:$A,$C$15&$D16)/10^8 -> 2653.9088 | H16: 0.025 | I16: 0.002739726 | M16: 약정형 | P16: =SUM(P17:P22) -> 7062.038 | Q16: =SUM(Q17:Q22) -> 1406.638 | R16: =SUM(R17:R22) -> 5655.4 | S16: =SUMPRODUCT(P17:P22,S17:S22)/P16 -> 0.032194036
D17: 기타유동성자산 | F17: =SUMIFS('2. 운용자산'!$AE:$AE,'2. 운용자산'!$A:$A,$C$15&$D17)/10^8 -> 0 | H17: 0 | I17: 0 | N17: (7일~30일) | P17: =SUMIFS('1. 수신잔고'!$H:$H,'1. 수신잔고'!$B:$B,$M$16&$N17)/10^8 -> 180.0298 | Q17: =SUMIFS('1. 수신잔고'!$H:$H,'1. 수신잔고'!$A:$A,Q$13&$M$16&$N17)/10^8 -> 180.0298 | R17: =SUMIFS('1. 수신잔고'!$H:$H,'1. 수신잔고'!$A:$A,R$13&$M$16&$N17)/10^8 -> 0 | S17: {=SUMPRODUCT(('1. 수신잔고'!$B$6:$B$99=$M$16&$N17)*'1. 수신잔고'!$H$6:$H$99*'1. 수신잔고'!$K$6:$K$99)/SUMPRODUCT(('1. 수신잔고'!$B$6:$B$99=$M$16&$N17)*'1. 수신잔고'!$H$6:$H$99)/100} -> 0.024405
C18: 기업금융관련자산 | F18: =SUM(F19:F22) -> 3294.2057 | H18: =SUMPRODUCT($F$19:$F$22,H19:H22)/$F$18 -> 0.040799054 | I18: =SUMPRODUCT($F$19:$F$22,I19:I22)/$F$18 -> 4.0799054 | N18: (31일~90일) | P18: =SUMIFS('1. 수신잔고'!$H:$H,'1. 수신잔고'!$B:$B,$M$16&$N18)/10^8 -> 136.6222 | Q18: =SUMIFS('1. 수신잔고'!$H:$H,'1. 수신잔고'!$A:$A,Q$13&$M$16&$N18)/10^8 -> 136.6222 | R18: =SUMIFS('1. 수신잔고'!$H:$H,'1. 수신잔고'!$A:$A,R$13&$M$16&$N18)/10^8 -> 0 | S18: {=SUMPRODUCT(('1. 수신잔고'!$B$6:$B$99=$M$16&$N18)*'1. 수신잔고'!$H$6:$H$99*'1. 수신잔고'!$K$6:$K$99)/SUMPRODUCT(('1. 수신잔고'!$B$6:$B$99=$M$16&$N18)*'1. 수신잔고'!$H$6:$H$99)/100} -> 0.024935968
D19: CP/STB | F19: =SUMIFS('2. 운용자산'!$AE:$AE,'2. 운용자산'!$A:$A,$C$18&$D19)/10^8 -> 1105.2395 | H19: {=IFERROR(SUMPRODUCT(('2. 운용자산'!$A$5:$A$99=$C$18&$D19)*'2. 운용자산'!$AE$5:$AE$99*'2. 운용자산'!$U$5:$U$99)/SUMPRODUCT(('2. 운용자산'!$A$5:$A$99=$C$18&$D19)*'2. 운용자산'!$AE$5:$AE$99)/100,0)} -> 0.034465113 | I19: {=IFERROR(SUMPRODUCT(('2. 운용자산'!$A$5:$A$99=$C$18&$D19)*'2. 운용자산'!$AE$5:$AE$99*'2. 운용자산'!$U$5:$U$99)/SUMPRODUCT(('2. 운용자산'!$A$5:$A$99=$C$18&$D19)*'2. 운용자산'!$AE$5:$AE$99),0)} -> 3.4465113 | N19: (91일~180일) | P19: =SUMIFS('1. 수신잔고'!$H:$H,'1. 수신잔고'!$B:$B,$M$16&$N19)/10^8 -> 150.8992 | Q19: =SUMIFS('1. 수신잔고'!$H:$H,'1. 수신잔고'!$A:$A,Q$13&$M$16&$N19)/10^8 -> 150.8992 | R19: =SUMIFS('1. 수신잔고'!$H:$H,'1. 수신잔고'!$A:$A,R$13&$M$16&$N19)/10^8 -> 0 | S19: {=SUMPRODUCT(('1. 수신잔고'!$B$6:$B$99=$M$16&$N19)*'1. 수신잔고'!$H$6:$H$99*'1. 수신잔고'!$K$6:$K$99)/SUMPRODUCT(('1. 수신잔고'!$B$6:$B$99=$M$16&$N19)*'1. 수신잔고'!$H$6:$H$99)/100} -> 0.028409567
D20: 채권 | F20: =SUMIFS('2. 운용자산'!$AE:$AE,'2. 운용자산'!$A:$A,$C$18&$D20)/10^8 -> 1699.0384 | H20: {=IFERROR(SUMPRODUCT(('2. 운용자산'!$A$5:$A$99=$C$18&$D20)*'2. 운용자산'!$AE$5:$AE$99*'2. 운용자산'!$U$5:$U$99)/SUMPRODUCT(('2. 운용자산'!$A$5:$A$99=$C$18&$D20)*'2. 운용자산'!$AE$5:$AE$99)/100,0)} -> 0.039520182 | I20: {=IFERROR(SUMPRODUCT(('2. 운용자산'!$A$5:$A$99=$C$18&$D20)*'2. 운용자산'!$AE$5:$AE$99*'2. 운용자산'!$U$5:$U$99)/SUMPRODUCT(('2. 운용자산'!$A$5:$A$99=$C$18&$D20)*'2. 운용자산'!$AE$5:$AE$99),0)} -> 3.9520182 | N20: (181일~270일) | P20: =SUMIFS('1. 수신잔고'!$H:$H,'1. 수신잔고'!$B:$B,$M$16&$N20)/10^8 -> 674.3223 | Q20: =SUMIFS('1. 수신잔고'!$H:$H,'1. 수신잔고'!$A:$A,Q$13&$M$16&$N20)/10^8 -> 113.8223 | R20: =SUMIFS('1. 수신잔고'!$H:$H,'1. 수신잔고'!$A:$A,R$13&$M$16&$N20)/10^8 -> 560.5 | S20: {=SUMPRODUCT(('1. 수신잔고'!$B$6:$B$99=$M$16&$N20)*'1. 수신잔고'!$H$6:$H$99*'1. 수신잔고'!$K$6:$K$99)/SUMPRODUCT(('1. 수신잔고'!$B$6:$B$99=$M$16&$N20)*'1. 수신잔고'!$H$6:$H$99)/100} -> 0.030700032
D21: 기업대출 | F21: =SUMIFS('2. 운용자산'!$AE:$AE,'2. 운용자산'!$A:$A,$C$18&$D21)/10^8 -> 489.9277 | H21: {=IFERROR(SUMPRODUCT(('2. 운용자산'!$A$5:$A$99=$C$18&$D21)*'2. 운용자산'!$AE$5:$AE$99*'2. 운용자산'!$U$5:$U$99)/SUMPRODUCT(('2. 운용자산'!$A$5:$A$99=$C$18&$D21)*'2. 운용자산'!$AE$5:$AE$99)/100,0)} -> 0.059522991 | I21: {=IFERROR(SUMPRODUCT(('2. 운용자산'!$A$5:$A$99=$C$18&$D21)*'2. 운용자산'!$AE$5:$AE$99*'2. 운용자산'!$U$5:$U$99)/SUMPRODUCT(('2. 운용자산'!$A$5:$A$99=$C$18&$D21)*'2. 운용자산'!$AE$5:$AE$99),0)} -> 5.9522991 | N21: (271일~364일) | P21: =SUMIFS('1. 수신잔고'!$H:$H,'1. 수신잔고'!$B:$B,$M$16&$N21)/10^8 -> 4323.5781 | Q21: =SUMIFS('1. 수신잔고'!$H:$H,'1. 수신잔고'!$A:$A,Q$13&$M$16&$N21)/10^8 -> 272.7781 | R21: =SUMIFS('1. 수신잔고'!$H:$H,'1. 수신잔고'!$A:$A,R$13&$M$16&$N21)/10^8 -> 4050.8 | S21: {=SUMPRODUCT(('1. 수신잔고'!$B$6:$B$99=$M$16&$N21)*'1. 수신잔고'!$H$6:$H$99*'1. 수신잔고'!$K$6:$K$99)/SUMPRODUCT(('1. 수신잔고'!$B$6:$B$99=$M$16&$N21)*'1. 수신잔고'!$H$6:$H$99)/100} -> 0.03302864
D22: 출자 | F22: =SUMIFS('2. 운용자산'!$AE:$AE,'2. 운용자산'!$A:$A,$C$18&$D22)/10^8 -> 0 | H22: {=IFERROR(SUMPRODUCT(('2. 운용자산'!$A$5:$A$99=$C$18&$D22)*'2. 운용자산'!$AE$5:$AE$99*'2. 운용자산'!$U$5:$U$99)/SUMPRODUCT(('2. 운용자산'!$A$5:$A$99=$C$18&$D22)*'2. 운용자산'!$AE$5:$AE$99)/100,0)} -> 0 | I22: {=IFERROR(SUMPRODUCT(('2. 운용자산'!$A$5:$A$99=$C$18&$D22)*'2. 운용자산'!$AE$5:$AE$99*'2. 운용자산'!$U$5:$U$99)/SUMPRODUCT(('2. 운용자산'!$A$5:$A$99=$C$18&$D22)*'2. 운용자산'!$AE$5:$AE$99),0)} -> 0 | N22: (365일) | P22: =SUMIFS('1. 수신잔고'!$H:$H,'1. 수신잔고'!$B:$B,$M$16&$N22)/10^8 -> 1596.5864 | Q22: =SUMIFS('1. 수신잔고'!$H:$H,'1. 수신잔고'!$A:$A,Q$13&$M$16&$N22)/10^8 -> 552.4864 | R22: =SUMIFS('1. 수신잔고'!$H:$H,'1. 수신잔고'!$A:$A,R$13&$M$16&$N22)/10^8 -> 1044.1 | S22: {=SUMPRODUCT(('1. 수신잔고'!$B$6:$B$99=$M$16&$N22)*'1. 수신잔고'!$H$6:$H$99*'1. 수신잔고'!$K$6:$K$99)/SUMPRODUCT(('1. 수신잔고'!$B$6:$B$99=$M$16&$N22)*'1. 수신잔고'!$H$6:$H$99)/100} -> 0.032421968
C23: 부동산관련자산 | F23: =SUM(F24:F25) -> 449.8187 | H23: =SUMPRODUCT($F$24:$F$25,H24:H25)/$F$23 -> 0.03535516 | I23: =SUMPRODUCT($F$24:$F$25,I24:I25)/$F$23 -> 3.535516 | M23: 적립형 | P23: 0 | Q23: 0 | R23: 0 | S23: 0
D24: 유동화증권 | F24: =SUMIFS('2. 운용자산'!$AE:$AE,'2. 운용자산'!$A:$A,$C$23&$D24)/10^8 -> 449.8187 | H24: {=IFERROR(SUMPRODUCT(('2. 운용자산'!$A$5:$A$99=$C$23&$D24)*'2. 운용자산'!$AE$5:$AE$99*'2. 운용자산'!$U$5:$U$99)/SUMPRODUCT(('2. 운용자산'!$A$5:$A$99=$C$23&$D24)*'2. 운용자산'!$AE$5:$AE$99)/100,0)} -> 0.03535516 | I24: {=IFERROR(SUMPRODUCT(('2. 운용자산'!$A$5:$A$99=$C$23&$D24)*'2. 운용자산'!$AE$5:$AE$99*'2. 운용자산'!$U$5:$U$99)/SUMPRODUCT(('2. 운용자산'!$A$5:$A$99=$C$23&$D24)*'2. 운용자산'!$AE$5:$AE$99),0)} -> 3.535516
D25: 부동산 | F25: =SUMIFS('2. 운용자산'!$AE:$AE,'2. 운용자산'!$A:$A,$C$23&$D25)/10^8 -> 0 | H25: {=IFERROR(SUMPRODUCT(('2. 운용자산'!$A$5:$A$99=$C$23&$D25)*'2. 운용자산'!$AE$5:$AE$99*'2. 운용자산'!$U$5:$U$99)/SUMPRODUCT(('2. 운용자산'!$A$5:$A$99=$C$23&$D25)*'2. 운용자산'!$AE$5:$AE$99)/100,0)} -> 0 | I25: {=IFERROR(SUMPRODUCT(('2. 운용자산'!$A$5:$A$99=$C$23&$D25)*'2. 운용자산'!$AE$5:$AE$99*'2. 운용자산'!$U$5:$U$99)/SUMPRODUCT(('2. 운용자산'!$A$5:$A$99=$C$23&$D25)*'2. 운용자산'!$AE$5:$AE$99),0)} -> 0
C26: 기타자산 | F26: =SUM(F27:F29) -> 2645.4915 | H26: =SUMPRODUCT($F$27:$F$29,H27:H29)/$F$26 -> 0.033572033 | I26: =SUMPRODUCT($F$27:$F$29,I27:I29)/$F$26 -> 3.3572033
D27: CP/STB | F27: =SUMIFS('2. 운용자산'!$AE:$AE,'2. 운용자산'!$A:$A,$C$26&$D27)/10^8 -> 550.12079 | H27: {=IFERROR(SUMPRODUCT(('2. 운용자산'!$A$5:$A$99=$C$26&$D27)*'2. 운용자산'!$AE$5:$AE$99*'2. 운용자산'!$U$5:$U$99)/SUMPRODUCT(('2. 운용자산'!$A$5:$A$99=$C$26&$D27)*'2. 운용자산'!$AE$5:$AE$99)/100,0)} -> 0.032309547 | I27: {=IFERROR(SUMPRODUCT(('2. 운용자산'!$A$5:$A$99=$C$26&$D27)*'2. 운용자산'!$AE$5:$AE$99*'2. 운용자산'!$U$5:$U$99)/SUMPRODUCT(('2. 운용자산'!$A$5:$A$99=$C$26&$D27)*'2. 운용자산'!$AE$5:$AE$99),0)} -> 3.2309547
D28: 채권 | F28: =SUMIFS('2. 운용자산'!$AE:$AE,'2. 운용자산'!$A:$A,$C$26&$D28)/10^8 -> 2095.3707 | H28: {=IFERROR(SUMPRODUCT(('2. 운용자산'!$A$5:$A$99=$C$26&$D28)*'2. 운용자산'!$AE$5:$AE$99*'2. 운용자산'!$U$5:$U$99)/SUMPRODUCT(('2. 운용자산'!$A$5:$A$99=$C$26&$D28)*'2. 운용자산'!$AE$5:$AE$99)/100,0)} -> 0.033903487 | I28: {=IFERROR(SUMPRODUCT(('2. 운용자산'!$A$5:$A$99=$C$26&$D28)*'2. 운용자산'!$AE$5:$AE$99*'2. 운용자산'!$U$5:$U$99)/SUMPRODUCT(('2. 운용자산'!$A$5:$A$99=$C$26&$D28)*'2. 운용자산'!$AE$5:$AE$99),0)} -> 3.3903487
D29: 출자 | F29: =SUMIFS('2. 운용자산'!$AE:$AE,'2. 운용자산'!$A:$A,$C$26&$D29)/10^8 -> 0 | H29: {=IFERROR(SUMPRODUCT(('2. 운용자산'!$A$5:$A$99=$C$26&$D29)*'2. 운용자산'!$AE$5:$AE$99*'2. 운용자산'!$U$5:$U$99)/SUMPRODUCT(('2. 운용자산'!$A$5:$A$99=$C$26&$D29)*'2. 운용자산'!$AE$5:$AE$99)/100,0)} -> 0 | I29: {=IFERROR(SUMPRODUCT(('2. 운용자산'!$A$5:$A$99=$C$26&$D29)*'2. 운용자산'!$AE$5:$AE$99*'2. 운용자산'!$U$5:$U$99)/SUMPRODUCT(('2. 운용자산'!$A$5:$A$99=$C$26&$D29)*'2. 운용자산'!$AE$5:$AE$99),0)} -> 0

Sheet 1. 수신잔고
E2: 윙스 4612 복붙 | F2: 2/28기준
A4: 필터1 | B4: 필터2 | C4: 기준일자 | E4: 상품구분 | F4: 발행부채 | G4: 전월말잔고 | H4: 발행잔고 | I4: 약정잔고 | J4: 당월해약잔고 | K4: 조달금리 | L4: 부채비용 | M4: 당월지급이자 | N4: 당기지급이자 | O4: 당기미지급이자
F5: 전기말잔고 | G5: 전월말잔고 | H5: 발행어음잔고 | I5: 약정잔고 | J5: 당월해약잔고 | K5: 조달금리(평균) | L5: 당일지급이자 | M5: 당월지급이자 | N5: 당기지급이자 | O5: 당기미지급이자
A6: =IFERROR(RIGHT(E6,LEN(E6)-FIND("_",E6)),"") -> 개인수시형(1일~365일) | B6: =IFERROR(MID(A6,3,100),"") -> 수시형(1일~365일) | C6: 46081 | D6: <<< | E6: 특판 KK 발행어음_개인수시형(1일~365일) | F6: 10894240000 | G6: 5470680000 | H6: 3130200000 | I6: 3130200000 | J6: 2340480000 | K6: 2.45 | L6: 0 | M6: 9512743 | N6: 21065504 | O6: 12396478
A7: =IFERROR(RIGHT(E7,LEN(E7)-FIND("_",E7)),"") -> 개인수시형(1일~365일) | B7: =IFERROR(MID(A7,3,100),"") -> 수시형(1일~365일) | C7: 46081 | D7: <<< | E7: 발행어음_개인수시형(1일~365일) | F7: 49999520000 | G7: 154697620000 | H7: 189142540000 | I7: 189142540000 | J7: 617022700000 | K7: 2.4485 | L7: 0 | M7: 312664429 | N7: 436240292 | O7: 149714230
A8: =IFERROR(RIGHT(E8,LEN(E8)-FIND("_",E8)),"") -> 개인약정형(7일~30일) | B8: =IFERROR(MID(A8,3,100),"") -> 약정형(7일~30일) | C8: 46081 | D8: <<< | E8: 특판 KK 발행어음_개인약정형(7일~30일) | F8: 7982020000 | G8: 0 | H8: 0 | I8: 0 | J8: 0 | K8: 0 | L8: 0 | M8: 0 | N8: 10821377 | O8: 0
A9: =IFERROR(RIGHT(E9,LEN(E9)-FIND("_",E9)),"") -> 개인약정형(7일~30일) | B9: =IFERROR(MID(A9,3,100),"") -> 약정형(7일~30일) | C9: 46081 | D9: <<< | E9: 발행어음_개인약정형(7일~30일) | F9: 5000000000 | G9: 15543380000 | H9: 18002980000 | I9: 18002980000 | J9: 34457690000 | K9: 2.4405 | L9: 0 | M9: 27449756 | N9: 36841939 | O9: 9295144
A10: =IFERROR(RIGHT(E10,LEN(E10)-FIND("_",E10)),"") -> 개인약정형(31일~90일) | B10: =IFERROR(MID(A10,3,100),"") -> 약정형(31일~90일) | C10: 46081 | D10: <<< | E10: 특판 KK 발행어음_개인약정형(31일~90일) | F10: 1841030000 | G10: 865680000 | H10: 605230000 | I10: 605230000 | J10: 260450000 | K10: 2.5 | L10: 0 | M10: 946861 | N10: 3076628 | O10: 2445793
A11: =IFERROR(RIGHT(E11,LEN(E11)-FIND("_",E11)),"") -> 개인약정형(31일~90일) | B11: =IFERROR(MID(A11,3,100),"") -> 약정형(31일~90일) | C11: 46081 | D11: <<< | E11: 발행어음_개인약정형(31일~90일) | F11: 3454930000 | G11: 10244250000 | H11: 13056990000 | I11: 13056990000 | J11: 5710500000 | K11: 2.4933 | L11: 0 | M11: 11009669 | N11: 12390851 | O11: 21623457
A12: =IFERROR(RIGHT(E12,LEN(E12)-FIND("_",E12)),"") -> 개인약정형(91일~180일) | B12: =IFERROR(MID(A12,3,100),"") -> 약정형(91일~180일) | C12: 46081 | D12: <<< | E12: 특판 KK 발행어음_개인약정형(91일~180일) | F12: 1961680000 | G12: 1846680000 | H12: 1711180000 | I12: 1711180000 | J12: 135500000 | K12: 2.85 | L12: 0 | M12: 198906 | N12: 291548 | O12: 7883151
A13: =IFERROR(RIGHT(E13,LEN(E13)-FIND("_",E13)),"") -> 개인약정형(91일~180일) | B13: =IFERROR(MID(A13,3,100),"") -> 약정형(91일~180일) | C13: 46081 | D13: <<< | E13: 발행어음_개인약정형(91일~180일) | F13: 486610000 | G13: 7718350000 | H13: 13378740000 | I13: 13378740000 | J13: 658610000 | K13: 2.8398 | L13: 0 | M13: 116728 | N13: 315145 | O13: 31265748
A14: =IFERROR(RIGHT(E14,LEN(E14)-FIND("_",E14)),"") -> 개인약정형(181일~270일) | B14: =IFERROR(MID(A14,3,100),"") -> 약정형(181일~270일) | C14: 46081 | D14: <<< | E14: 특판 KK 발행어음_개인약정형(181일~270일) | F14: 3969000000 | G14: 3863290000 | H14: 3754290000 | I14: 3754290000 | J14: 109000000 | K14: 3.3 | L14: 0 | M14: 187339 | N14: 264323 | O14: 20026315
A15: =IFERROR(RIGHT(E15,LEN(E15)-FIND("_",E15)),"") -> 개인약정형(181일~270일) | B15: =IFERROR(MID(A15,3,100),"") -> 약정형(181일~270일) | C15: 46081 | D15: <<< | E15: 발행어음_개인약정형(181일~270일) | F15: 360770000 | G15: 3871320000 | H15: 7627940000 | I15: 7627940000 | J15: 297300000 | K15: 3.0366 | L15: 0 | M15: 68773 | N15: 141807 | O15: 17386765
A16: =IFERROR(RIGHT(E16,LEN(E16)-FIND("_",E16)),"") -> 개인약정형(271일~364일) | B16: =IFERROR(MID(A16,3,100),"") -> 약정형(271일~364일) | C16: 46081 | D16: <<< | E16: 특판 KK 발행어음_개인약정형(271일~364일) | F16: 2000000000 | G16: 1818000000 | H16: 1816000000 | I16: 1816000000 | J16: 2000000 | K16: 3.4 | L16: 0 | M16: 2962 | N16: 174600 | O16: 9980534
A17: =IFERROR(RIGHT(E17,LEN(E17)-FIND("_",E17)),"") -> 개인약정형(271일~364일) | B17: =IFERROR(MID(A17,3,100),"") -> 약정형(271일~364일) | C17: 46081 | D17: <<< | E17: 발행어음_개인약정형(271일~364일) | F17: 203680000 | G17: 12128690000 | H17: 25461810000 | I17: 25461810000 | J17: 1849060000 | K17: 3.243 | L17: 0 | M17: 603254 | N17: 843616 | O17: 55330953
... A19: =IFERROR(RIGHT(E19,LEN(E19)-FIND("_",E19)),"") -> 개인약정형(365일) | B19: =IFERROR(MID(A19,3,100),"") -> 약정형(365일) | C19: 46081 | D19: <<< | E19: 발행어음_개인약정형(365일) | F19: 2121680000 | G19: 18359020000 | H19: 36062680000 | I19: 36062680000 | J19: 2089190000 | K19: 3.2349 | L19: 0 | M19: 1039673 | N19: 1796564 | O19: 87999507
A20: =IFERROR(RIGHT(E20,LEN(E20)-FIND("_",E20)),"") | B20: =IFERROR(MID(A20,3,100),"") | E20: 개인 합계 | F20: 110105110000 | G20: 255945920000 | H20: 332936540000 | I20: 332936540000 | J20: 665265480000 | K20: 2.6997 | L20: 0 | M20: 364394940 | N20: 525149082 | O20: 532342668
A21: =IFERROR(RIGHT(E21,LEN(E21)-FIND("_",E21)),"") -> 법인수시형(1일~365일) | B21: =IFERROR(MID(A21,3,100),"") -> 수시형(1일~365일) | C21: 46081 | D21: <<< | E21: 발행어음_법인수시형(1일~365일) | F21: 3082870000 | G21: 3569750000 | H21: 4857490000 | I21: 4857490000 | J21: 2242880000 | K21: 2.2 | L21: 0 | M21: 506208 | N21: 1392969 | O21: 11539617
A22: =IFERROR(RIGHT(E22,LEN(E22)-FIND("_",E22)),"") -> 법인약정형(7일~30일) | B22: =IFERROR(MID(A22,3,100),"") -> 약정형(7일~30일) | C22: 46081 | D22: <<< | E22: KK 발행어음_법인약정형(7일~30일) | F22: 0 | G22: 0 | H22: 0 | I22: 0 | J22: 0 | K22: 0 | L22: 0 | M22: 0 | N22: 0 | O22: 0
A23: =IFERROR(RIGHT(E23,LEN(E23)-FIND("_",E23)),"") -> 법인약정형(31일~90일) | B23: =IFERROR(MID(A23,3,100),"") -> 약정형(31일~90일) | C23: 46081 | D23: <<< | E23: KK 발행어음_법인약정형(31일~90일) | F23: 0 | G23: 0 | H23: 0 | I23: 0 | J23: 0 | K23: 0 | L23: 0 | M23: 0 | N23: 0 | O23: 0
A24: =IFERROR(RIGHT(E24,LEN(E24)-FIND("_",E24)),"") -> 법인약정형(91일~180일) | B24: =IFERROR(MID(A24,3,100),"") -> 약정형(91일~180일) | C24: 46081 | D24: <<< | E24: KK 발행어음_법인약정형(91일~180일) | F24: 0 | G24: 0 | H24: 0 | I24: 0 | J24: 0 | K24: 0 | L24: 0 | M24: 0 | N24: 0 | O24: 0
A25: =IFERROR(RIGHT(E25,LEN(E25)-FIND("_",E25)),"") -> 법인약정형(181일~270일) | B25: =IFERROR(MID(A25,3,100),"") -> 약정형(181일~270일) | C25: 46081 | D25: <<< | E25: 특판 KK 발행어음_법인약정형(181일~270일) | F25: 2050000000 | G25: 2050000000 | H25: 2050000000 | I25: 2050000000 | J25: 0 | K25: 3.3 | L25: 0 | M25: 0 | N25: 0 | O25: 10935206
A26: =IFERROR(RIGHT(E26,LEN(E26)-FIND("_",E26)),"") -> 법인약정형(181일~270일) | B26: =IFERROR(MID(A26,3,100),"") -> 약정형(181일~270일) | C26: 46081 | D26: <<< | E26: KK 발행어음_법인약정형(181일~270일) | F26: 0 | G26: 34000000000 | H26: 54000000000 | I26: 54000000000 | J26: 0 | K26: 3.05 | L26: 0 | M26: 0 | N26: 0 | O26: 132027396
A27: =IFERROR(RIGHT(E27,LEN(E27)-FIND("_",E27)),"") -> 법인약정형(271일~364일) | B27: =IFERROR(MID(A27,3,100),"") -> 약정형(271일~364일) | C27: 46081 | D27: <<< | E27: 특판 KK 발행어음_법인약정형(271일~364일) | F27: 215080000000 | G27: 215080000000 | H27: 215080000000 | I27: 215080000000 | J27: 0 | K27: 3.4 | L27: 0 | M27: 0 | N27: 0 | O27: 1182056109
A28: =IFERROR(RIGHT(E28,LEN(E28)-FIND("_",E28)),"") -> 법인약정형(271일~364일) | B28: =IFERROR(MID(A28,3,100),"") -> 약정형(271일~364일) | C28: 46081 | D28: <<< | E28: KK 발행어음_법인약정형(271일~364일) | F28: 0 | G28: 170000000000 | H28: 190000000000 | I28: 190000000000 | J28: 0 | K28: 3.2 | L28: 0 | M28: 0 | N28: 1578082 | O28: 625095885
A29: =IFERROR(RIGHT(E29,LEN(E29)-FIND("_",E29)),"") -> 법인약정형(365일) | B29: =IFERROR(MID(A29,3,100),"") -> 약정형(365일) | C29: 46081 | D29: <<< | E29: 특판 발행어음_법인약정형(365일) | F29: 3410000000 | G29: 3410000000 | H29: 3410000000 | I29: 3410000000 | J29: 0 | K29: 3.4 | L29: 0 | M29: 0 | N29: 0 | O29: 18740987
A30: =IFERROR(RIGHT(E30,LEN(E30)-FIND("_",E30)),"") -> 법인약정형(365일) | B30: =IFERROR(MID(A30,3,100),"") -> 약정형(365일) | C30: 46081 | D30: <<< | E30: KK 발행어음_법인약정형(365일) | F30: 0 | G30: 80000000000 | H30: 101000000000 | I30: 101000000000 | J30: 0 | K30: 3.2 | L30: 0 | M30: 0 | N30: 0 | O30: 270553421
A31: =IFERROR(RIGHT(E31,LEN(E31)-FIND("_",E31)),"") | B31: =IFERROR(MID(A31,3,100),"") | E31: 법인 합계 | F31: 223622870000 | G31: 508109750000 | H31: 570397490000 | I31: 570397490000 | J31: 2242880000 | K31: 3.2542 | L31: 0 | M31: 506208 | N31: 2971051 | O31: 2250948621
A32: =IFERROR(RIGHT(E32,LEN(E32)-FIND("_",E32)),"") | B32: =IFERROR(MID(A32,3,100),"") | E32: 총 금액 | F32: 333727980000 | G32: 764055670000 | H32: 903334030000 | I32: 903334030000 | J32: 667508360000 | K32: 3.0498 | L32: 0 | M32: 364901148 | N32: 528120133 | O32: 2783291289

Sheet 2. 운용자산
C2: 윙스 4604 + 자금판 복붙 | E2: 2/28기준
A4: 필터 | C4: 타입 | D4: 편입일자 | E4: 만기일자 | F4: 펀드코드 | G4: 운용펀드명 | H4: 자산코드 | I4: 자산명 | J4: 통화 | K4: 장부금액 | L4: 약정금액 | M4: 평가금액 | N4: 순수금액 | O4: 평가손익 | P4: 선수이자 | Q4: 경과이자 | R4: 미수이자 | S4: 1개월자산여부 | T4: 3개월자산여부 | U4: 운용금리(%) | V4: 운용내역 | W4: 운용메모 | X4: 대분류 | Y4: 중분류 | Z4: GA344매핑코드 | AA4: GA344매핑코드명 | AB4: GA349매핑코드 | AC4: GA349매핑코드명 | AD4: 잔존일수 | AE4: BS금액 | AF4: 비중 | AH4: 듀레이션
A5: 유동성자산현금성자산 | B5: <<< | C5: 수동 | I5: 신한은행cma | J5: KRW | K5: 40000000000 | L5: 0 | M5: 40000000000 | N5: 40000000000 | O5: 0 | AE5: 40000000000 | AH5: 0.002739726
A6: 유동성자산현금성자산 | B6: <<< | C6: 수동 | I6: 하나은행mmt | J6: KRW | K6: 225390876110 | L6: 0 | M6: 225390876110 | N6: 225390876110 | O6: 0 | AE6: 225390876110 | AH6: 0.002739726
A7: 기업금융관련자산채권 | B7: <<< | C7: 자동 | D7: 46057 | E7: 20290202 | F7: 110975 | G7: 기업금융_회사채_발행물_일반(종합금융) | H7: 110975-KR6000123G25-20260204 | I7: 기업금융관련자산채권1 | J7: KRW | K7: 10024343820 | L7: 0 | M7: 10056590000 | N7: 10000000000 | O7: 32246180 | P7: 0 | Q7: 0 | R7: 24343820 | S7: Y | T7: Y | U7: 3.611 | X7: 10:기업금융 | Y7: 15:회사채 | Z7: B12010201 | AA7: 2) 채권 | AB7: GA3491202 | AC7: 기업금융관련자산-발행시장(기업)-채무증권 | AD7: 1070 | AE7: 10032246180 | AF7: 0.0157 | AH7: 2.76137
A8: 기업금융관련자산채권 | B8: <<< | C8: 자동 | D8: 46051 | E8: 20290129 | F8: 110975 | G8: 기업금융_회사채_발행물_일반(종합금융) | H8: 110975-KR6001681G19-20260129 | I8: 기업금융관련자산채권2 | J8: KRW | K8: 10028416666 | L8: 0 | M8: 10013180000 | N8: 10000000000 | O8: -15236666 | P8: 0 | Q8: 0 | R8: 28416666 | S8: Y | T8: Y | U8: 3.41 | X8: 10:기업금융 | Y8: 15:회사채 | Z8: B12010201 | AA8: 2) 채권 | AB8: GA3491202 | AC8: 기업금융관련자산-발행시장(기업)-채무증권 | AD8: 1066 | AE8: 9984763334 | AF8: 0.01562 | AH8: 2.75607
A9: 기업금융관련자산채권 | B9: <<< | C9: 자동 | D9: 46059 | E9: 20280707 | F9: 110975 | G9: 기업금융_회사채_발행물_일반(종합금융) | H9: 110975-KR6002352F73-20260206 | I9: 기업금융관련자산채권3 | J9: KRW | K9: 9891457778 | L9: 0 | M9: 9926870000 | N9: 9846351112 | O9: 35412222 | P9: 0 | Q9: 25648888 | R9: 19457778 | S9: Y | T9: Y | U9: 3.184 | X9: 10:기업금융 | Y9: 15:회사채 | Z9: B12010201 | AA9: 2) 채권 | AB9: GA3491202 | AC9: 기업금융관련자산-발행시장(기업)-채무증권 | AD9: 860 | AE9: 9881763334 | AF9: 0.01546 | AH9: 2.24568
A10: 기업금융관련자산채권 | B10: <<< | C10: 자동 | D10: 46055 | E10: 20290202 | F10: 110975 | G10: 기업금융_회사채_발행물_일반(종합금융) | H10: 110975-KR6002382G27-20260202 | I10: 기업금융관련자산채권4 | J10: KRW | K10: 20053971910 | L10: 0 | M10: 20078880000 | N10: 20000000000 | O10: 24908090 | P10: 0 | Q10: 0 | R10: 53971910 | S10: Y | T10: Y | U10: 3.695 | X10: 10:기업금융 | Y10: 15:회사채 | Z10: B12010201 | AA10: 2) 채권 | AB10: GA3491202 | AC10: 기업금융관련자산-발행시장(기업)-채무증권 | AD10: 1070 | AE10: 20024908090 | AF10: 0.03134 | AH10: 2.75446
A11: 기업금융관련자산채권 | B11: <<< | C11: 자동 | D11: 46055 | E11: 20290202 | F11: 110975 | G11: 기업금융_회사채_발행물_일반(종합금융) | H11: 110975-KR6006123G22-20260202 | I11: 기업금융관련자산채권5 | J11: KRW | K11: 20058558426 | L11: 0 | M11: 20083820000 | N11: 20000000000 | O11: 25261574 | P11: 0 | Q11: 0 | R11: 58558426 | S11: Y | T11: Y | U11: 4.009 | X11: 10:기업금융 | Y11: 15:회사채 | Z11: B12010201 | AA11: 2) 채권 | AB11: GA3491202 | AC11: 기업금융관련자산-발행시장(기업)-채무증권 | AD11: 1070 | AE11: 20025261574 | AF11: 0.03134 | AH11: 2.74051
A12: 기업금융관련자산채권 | B12: <<< | C12: 자동 | D12: 46051 | E12: 20280125 | F12: 110975 | G12: 기업금융_회사채_발행물_일반(종합금융) | H12: 110975-KR6031441G17-20260129 | I12: 기업금융관련자산채권6 | J12: KRW | K12: 10029158333 | L12: 0 | M12: 10022490000 | N12: 10000000000 | O12: -6668333 | P12: 0 | Q12: 0 | R12: 29158333 | S12: Y | T12: Y | U12: 3.499 | X12: 10:기업금융 | Y12: 15:회사채 | Z12: B12010201 | AA12: 2) 채권 | AB12: GA3491202 | AC12: 기업금융관련자산-발행시장(기업)-채무증권 | AD12: 696 | AE12: 9993331667 | AF12: 0.01564 | AH12: 1.83146
A13: 기업금융관련자산채권 | B13: <<< | C13: 자동 | D13: 46050 | E13: 20290126 | F13: 110975 | G13: 기업금융_회사채_발행물_일반(종합금융) | H13: 110975-KR6097951G10-20260128 | I13: 기업금융관련자산채권7 | J13: KRW | K13: 20058762222 | L13: 0 | M13: 20038620000 | N13: 20000000000 | O13: -20142222 | P13: 0 | Q13: 0 | R13: 58762222 | S13: Y | T13: Y | U13: 3.412 | X13: 10:기업금융 | Y13: 15:회사채 | Z13: B12010201 | AA13: 2) 채권 | AB13: GA3491202 | AC13: 기업금융관련자산-발행시장(기업)-채무증권 | AD13: 1063 | AE13: 19979857778 | AF13: 0.03126 | AH13: 2.75031
A14: 기업금융관련자산채권 | B14: <<< | C14: 자동 | D14: 46050 | E14: 20280125 | F14: 110975 | G14: 기업금융_회사채_발행물_일반(종합금융) | H14: 110975-KR6101181G12-20260128 | I14: 기업금융관련자산채권8 | J14: KRW | K14: 20062327222 | L14: 0 | M14: 20044040000 | N14: 20000000000 | O14: -18287222 | P14: 0 | Q14: 0 | R14: 62327222 | S14: Y | T14: Y | U14: 3.619 | X14: 10:기업금융 | Y14: 15:회사채 | Z14: B12010201 | AA14: 2) 채권 | AB14: GA3491202 | AC14: 기업금융관련자산-발행시장(기업)-채무증권 | AD14: 696 | AE14: 19981712778 | AF14: 0.03127 | AH14: 1.82866
A15: 기타자산채권 | B15: <<< | C15: 자동 | D15: 46038 | E15: 20290408 | F15: 110986 | G15: 기타자산_회사채(종합금융) | H15: 110986-KR6000662E40-20260116 | I15: 기타자산채권1 | J15: KRW | K15: 10149469167 | L15: 0 | M15: 10132080000 | N15: 10096726667 | O15: -17389167 | P15: 0 | Q15: 8273333 | R15: 44469167 | S15: Y | T15: Y | U15: 3.723 | X15: 40:기타 | Y15: 15:회사채 | Z15: B12010201 | AA15: 2) 채권 | AB15: GA3492201 | AC15: 기타자산-증권-채무증권 | AD15: 1135 | AE15: 10079337500 | AF15: 0.01577 | AH15: 2.90927
A16: 기타자산채권 | B16: <<< | C16: 자동 | D16: 46031 | E16: 20280225 | F16: 110986 | G16: 기타자산_회사채(종합금융) | H16: 110986-KR6000723F20-20260109 | I16: 기타자산채권2 | J16: KRW | K16: 9986777723 | L16: 0 | M16: 9959670000 | N16: 9985860870 | O16: -27107723 | P16: 0 | Q16: 0 | R16: 916853 | S16: Y | T16: Y | U16: 3.264 | X16: 40:기타 | Y16: 15:회사채 | Z16: B12010201 | AA16: 2) 채권 | AB16: GA3492201 | AC16: 기타자산-증권-채무증권 | AD16: 727 | AE16: 9958753147 | AF16: 0.01558 | AH16: 1.92036
A17: 기타자산채권 | B17: <<< | C17: 자동 | D17: 46065 | E17: 20270910 | F17: 110986 | G17: 기타자산_회사채(종합금융) | H17: 110986-KR6000882E93-20260212 | I17: 기타자산채권3 | J17: KRW | K17: 10098324445 | L17: 0 | M17: 10123910000 | N17: 10016702223 | O17: 25585555 | P17: 0 | Q17: 65297777 | R17: 16324445 | S17: Y | T17: Y | U17: 3.673 | X17: 40:기타 | Y17: 15:회사채 | Z17: B12010201 | AA17: 2) 채권 | AB17: GA3492201 | AC17: 기타자산-증권-채무증권 | AD17: 559 | AE17: 10042287778 | AF17: 0.01571 | AH17: 1.46747
A18: 기타자산채권 | B18: <<< | C18: 자동 | D18: 46017 | E18: 20280926 | F18: 110986 | G18: 기타자산_회사채(종합금융) | H18: 110986-KR6003672D92-20251226 | I18: 기타자산채권4 | J18: KRW | K18: 10460226389 | L18: 0 | M18: 10396560000 | N18: 10375728612 | O18: -63666389 | P18: 0 | Q18: 0 | R18: 84497777 | S18: Y | T18: Y | U18: 4.753 | X18: 40:기타 | Y18: 15:회사채 | Z18: B12010201 | AA18: 2) 채권 | AB18: GA3492201 | AC18: 기타자산-증권-채무증권 | AD18: 941 | AE18: 10312062223 | AF18: 0.01613 | AH18: 2.39763
... A59: 기타자산CP/STB | B59: <<< | C59: 자동 | D59: 46009 | E59: 20260310 | F59: 230056 | G59: 기타자산_(AB)STB_유통물(종합금융) | H59: 230056-KRZS0083V012-23-20251218-14877000000 | I59: 기타자산CP/STB6 | J59: KRW | K59: 14988363013 | L59: 0 | M59: 14988324657 | N59: 14880363013 | O59: -38356 | P59: 123000000 | Q59: 0 | R59: 108000000 | S59: Y | T59: Y | U59: 3.65 | X59: 40:기타 | Y59: 14:STB | Z59: B12010501 | AA59: 5) 기타 | AB59: GA3492203 | AC59: 기타자산-증권-(전자단기사채) | AD59: 10 | AE59: 15003324657 | AF59: 0.02348 | AH59: 0.025
A60: 기업금융관련자산기업대출 | B60: <<< | C60: 자동 | D60: 46045 | E60: 20260430 | F60: 300026 | G60: 기업금융_기업대출_일반신용(종합금융) | H60: WC2026010002-20260123-003 | I60: 기업금융관련자산기업대출1 | J60: KRW | K60: 18792770090 | L60: 18792770090 | M60: 18792770090 | N60: 0 | O60: 0 | P60: 0 | Q60: 0 | R60: 0 | S60: N | T60: Y | U60: 6 | V60: 원화대출금-AC대출금 | W60: 대출계약코드:WC2026010002(심텍 매출채권 유동화 대출 5회차-111) | X60: 10:기업금융 | Y60: 11:기업대출 | Z60: B14050001 | AA60: 5. 대출금 | AB60: GA3491101 | AC60: 기업금융관련자산-기업신용공여-대출채권 | AD60: 61 | AE60: 18792770090 | AF60: 0.02941 | AH60: 0.16967707
A61: 기업금융관련자산기업대출 | B61: <<< | C61: 자동 | D61: 46066 | E61: 20301223 | F61: 300021 | G61: 기업금융_기업대출_기업신용(종합금융) | H61: WC2026020004-20260213-005 | I61: 기업금융관련자산기업대출2 | J61: KRW | K61: 26500000000 | L61: 26500000000 | M61: 26500000000 | N61: 0 | O61: 0 | P61: 0 | Q61: 0 | R61: 0 | S61: N | T61: N | U61: 5.99 | V61: 원화대출금-FVPL대출금 | W61: 대출계약코드:WC2026020004(동진섬유_연암 A(고정)_종금-111) | X61: 10:기업금융 | Y61: 11:기업대출 | Z61: B14050001 | AA61: 5. 대출금 | AB61: GA3491101 | AC61: 기업금융관련자산-기업신용공여-대출채권 | AD61: 1759 | AE61: 26500000000 | AF61: 0.04147 | AH61: 4.1098524
A62: 기업금융관련자산기업대출 | B62: <<< | C62: 자동 | D62: 46066 | E62: 20301223 | F62: 300021 | G62: 기업금융_기업대출_기업신용(종합금융) | H62: WC2026020005-20260213-004 | I62: 기업금융관련자산기업대출3 | J62: KRW | K62: 3700000000 | L62: 3700000000 | M62: 3700000000 | N62: 0 | O62: 0 | P62: 0 | Q62: 0 | R62: 0 | S62: N | T62: N | U62: 5.44 | V62: 원화대출금-FVPL대출금 | W62: 대출계약코드:WC2026020005(동진섬유 C(고정)_종금-111) | X62: 10:기업금융 | Y62: 11:기업대출 | Z62: B14050001 | AA62: 5. 대출금 | AB62: GA3491101 | AC62: 기업금융관련자산-기업신용공여-대출채권 | AD62: 1759 | AE62: 3700000000 | AF62: 0.00579 | AH62: 4.168371
